"","ANOVA","t (Control ~ Bacteriophage)","t (Control ~ UV)","t (Control ~ Mix)","t (Bacteriophage ~ UV)","t (Bacteriophage ~ Mix)","t (UV ~ Mix)"
"Chryseobacterium",3.70127430117126e-08,1.12836164911465e-05,0.788151314322717,0.0124107423158608,1.31929436664231e-05,0.000417441914992399,0.0162058296039033
"Cloacibacterium",2.95968687765057e-23,1.88145545101941e-10,0.165371428090504,7.01825263322792e-09,8.831677933605e-10,0.39062503346836,1.44896913587833e-08
"Flavobacterium",0.220884155555253,0.34628321912695,0.464476731459964,0.333470315441323,0.877816835749665,0.007210392409462,0.122679021545459
"Epilithonimonas",0.788745331505992,0.268777283234015,0.414105638785902,0.388563341699612,0.787467439097286,0.950896671748946,0.767317193305297
"Soonwooa",0.276166189811935,0.147693502340285,0.346593507087334,0.146783640054566,0.300397685453274,0.755136974246115,0.24873479230453
"unclassified_Flavobacteriaceae",1.12770757053026e-05,0.000215921364693802,0.808755918728274,0.0808341528798487,0.000195673114452423,0.00064403473632252,0.105329006462299
"unclassified_Cryomorphaceae",3.05686701347481e-06,0.00106094414411964,NA,0.00302422708018263,0.00106094414411964,0.315834207264712,0.00302422708018263
"unclassified_""Flavobacteriales""",0.0021140688317957,0.00673909403618177,0.966111125298706,0.415817488649322,0.00203550495557711,0.000190533302870515,0.310685302834886
"Pedobacter",0.858135252466839,0.967675751516982,0.653967256841933,0.891801834382566,0.529961943731124,0.157277185161918,0.476802269044881
"Sphingobacterium",4.65506081273152e-23,9.78103110092287e-13,0.522896503766398,3.87680748756394e-07,5.77980431309553e-16,0.376010035923887,2.98345936378464e-07
"Mucilaginibacter",0.226458904212973,0.455889094796318,0.391668181127747,0.408110259947623,0.106764913038228,0.889806073290794,0.0955172745180273
"unclassified_Sphingobacteriaceae",0.00186094111046158,0.0150856575525405,0.702773413478184,0.00550464747784744,0.042479142341421,0.0477716540686448,0.0163057584532819
"Nubsella",0.400427144398211,0.346593507087334,0.221682420306629,0.193229973186122,0.36779680575531,0.681417614640468,0.480377370890448
"Solitalea",0.405474526049665,NA,NA,0.346593507087334,NA,0.346593507087334,0.346593507087334
"Taibaiella",0.0736543310079083,0.126104465682141,0.533320158121124,0.104408218304716,0.0915373054379156,0.3745097688837,0.0803933747563008
"Sediminibacterium",1.25143769607252e-05,0.0124196952812183,0.690452371017864,0.000762895278028462,0.00242000920885391,0.0945681952363803,9.46371045029792e-05
"unclassified_Chitinophagaceae",0.0293434612181212,0.717940238521959,0.634423234765766,0.0200765354494382,0.827328679243973,0.000893301638694031,0.0256412653146744
"Hydrotalea",0.405474526049665,0.346593507087334,NA,NA,0.346593507087334,0.346593507087334,NA
"Flavihumibacter",0.405474526049665,0.346593507087334,0.346593507087334,0.346593507087334,NA,NA,NA
"Niabella",0.405474526049665,NA,0.346593507087334,NA,0.346593507087334,NA,0.346593507087334
"unclassified_""Sphingobacteriales""",0.775618095199647,0.764286190279206,0.65931400473907,0.800186648245058,0.390762425391649,0.682364338717203,0.414148212008533
"Dyadobacter",1.15212774358103e-19,1.72238529780152e-11,0.841188903402468,5.05312096601663e-07,7.14615525080113e-12,0.0177496729876118,4.67157740892685e-07
"Runella",2.74149887294654e-18,9.19108806673805e-08,0.858498748962013,8.11949346167929e-07,6.739333709829e-08,8.19687398089271e-06,6.20345263556337e-07
"unclassified_Cytophagaceae",1.08642143969235e-05,0.0336922133180898,0.346593507087334,0.00356196133144763,0.00414922573031336,0.0189276509778423,0.0025360919161131
"Spirosoma",0.405474526049665,0.346593507087334,NA,NA,0.346593507087334,0.346593507087334,NA
"unclassified_Cytophagales",1.20285676550682e-05,0.00633575986888928,0.306541951567281,0.000374133159526297,0.00472427566911228,0.919717052449312,0.000324589918845806
"Paludibacter",0.00154645469959725,0.00135239442481629,0.361661333121007,0.000104666109497399,0.193227703664386,0.0322602356363805,0.0505072227237233
"Macellibacteroides",4.03646827070948e-08,0.000231951043946203,0.916290407985032,0.00024034935279634,0.000336457826175702,0.645315691882335,0.000355356752941166
"Acetobacteroides",0.00801498651717359,0.0105787556106058,0.667837312987809,0.017124277817497,0.0363055288231424,0.0372919897234065,0.0490329629414674
"Petrimonas",0.000754377584786713,0.0218243439362058,0.646027865332916,0.0203039083810477,0.00607073542711515,0.665358033369912,0.00565845376749289
"Dysgonomonas",0.093460972112232,0.152383698725088,0.0770933528359123,0.0213289635971365,0.419730725942928,0.180419209340616,0.66741374289457
"unclassified_""Porphyromonadaceae""",6.16113119585416e-06,0.000339863898566384,0.378233654969922,0.000399959541802088,0.0033734160888877,0.409872359726536,0.00371904111837026
"Microbacter",0.701369664868783,0.778368602807579,0.346593507087334,0.993516158257564,0.177864036106442,0.744483424329849,0.249952541484846
"Meniscus",0.0397363975153496,0.1095569005486,0.365373093123801,0.128842154460277,0.0557029597279801,0.807179152709975,0.0615270145621475
"unclassified_Prolixibacteraceae",0.92211457906728,0.50519155486778,0.996463886170707,0.899436387747963,0.607113976973244,0.190798742541305,0.925473041028155
"Bacteroides",0.331333045629051,0.0421471775918885,0.592615087590544,0.187455243637591,0.307574929446401,0.569275855423248,0.584797208859294
"Anaerorhabdus",0.405474526049666,0.346593507087334,0.346593507087334,0.346593507087334,NA,NA,NA
"unclassified_""Rikenellaceae""",0.0100265693852055,0.00199103874073571,0.825864814074552,0.00160477323755783,0.103324496012469,0.346593507087334,0.0869551907776575
"Alistipes",0.0596793740498859,0.0817388338659677,0.318052972155752,0.0817388338659677,0.17523866881588,NA,0.17523866881588
"Prevotella",0.104715022798977,0.345572672750903,0.288093961620803,0.366967762713619,0.104058629807702,0.87586651307928,0.1081953871677
"unclassified_""Prevotellaceae""",0.581998588809079,0.21901061469278,0.643488720515504,0.78271008487062,0.303129198886907,0.0993369490298554,0.538006177576326
"unclassified_""Bacteroidales""",9.68886715721665e-16,4.01226321807787e-08,0.202126209227956,4.26232402475226e-08,4.39846392664965e-06,0.00586568258785095,6.77328037384847e-06
"unclassified_Marinilabiliaceae",0.405474526049665,NA,0.346593507087334,NA,0.346593507087334,NA,0.346593507087334
"unclassified_""Bacteroidetes""",5.49829857029349e-19,2.32783680362353e-07,0.820535279249953,1.91600595915429e-07,3.75132448817619e-07,0.357589391960125,3.24802978684631e-07
"Leptolinea",0.197656845739392,0.0293146601456524,0.47131576323692,0.498663845130263,0.33074314227303,0.0232591393305637,0.726515024271508
"Levilinea",0.00827563377721269,0.0517603052998782,0.412485081321783,0.0443808793950715,0.0290182274384853,0.350064584276064,0.0260217605084407
"Ornatilinea",5.39553898261602e-05,0.00134329545643502,0.642449704889439,0.00153953551375216,0.00914602327068517,0.446594013188729,0.0105635079583363
"Pelolinea",0.990868693164022,0.77049875033202,0.914031317032997,0.994145725108983,0.69637134423386,0.847212244366179,0.95010125895939
"unclassified_Anaerolineaceae",8.71479960424216e-09,0.000268597211139097,0.0625617882751107,1.0886543109163e-05,0.000546881640508383,0.00146056249834212,0.000109255980266028
"unclassified_""Chloroflexi""",0.0026207602175979,0.00980902119752503,0.855818119332807,0.0111447995823461,0.0141221336409798,0.87034010799824,0.0159557253363339
"unclassified_Caldilineaceae",0.0694891806540374,0.193906138207181,0.29442199783195,0.193906138207181,0.0950828175168372,NA,0.0950828175168372
"Acidovorax",4.19113017202613e-18,5.21172600251568e-08,0.154923258059591,1.1022358790418e-10,1.78141857536246e-08,0.000546326824023915,7.56770499094935e-11
"Comamonas",5.04145075685262e-08,0.00110277756001844,0.32147226556439,0.000127764522059591,0.000851889764139603,0.572041923816361,9.80999529303304e-05
"Hydrogenophaga",1.62368848397854e-19,7.96898034332128e-08,0.742372392645268,9.33710311938196e-08,1.14609186485469e-07,0.00357594999632403,1.17659232231863e-07
"Rhodoferax",0.00749169044050436,0.0204802274176252,0.936946008632367,0.0462604605045208,0.0076126908444276,0.513827584028531,0.0205871429853894
"Simplicispira",0.247597143266245,0.1737197865376,0.762546057515552,0.342088804748649,0.0558392883565541,0.724196681739061,0.170921048558722
"Polaromonas",0.470910447838086,0.60774955440278,0.459116077585486,0.632235036285809,0.26459846240375,0.91342071126341,0.270673043761158
"unclassified_Comamonadaceae",1.2975949317197e-06,0.0575479114363214,0.376076286648211,5.85189456939402e-05,0.00881802468306273,0.000913209457433584,1.37077180771525e-05
"Variovorax",0.536430306207184,0.496299094784516,0.952765474017679,0.346593507087334,0.530346410595942,0.215400063664694,0.346593507087334
"Curvibacter",0.106797117251847,NA,0.17597448736924,NA,0.17597448736924,NA,0.17597448736924
"Janthinobacterium",0.261778193351628,0.353842660079819,0.300402565661193,0.0573783548876759,0.750874615201233,0.17771279463222,0.480731200289266
"Massilia",1.18201977241517e-14,1.69380609672064e-06,0.346593507087334,1.12650519694128e-05,1.70446344010873e-06,0.780416928631068,1.14068725048801e-05
"Herminiimonas",1.35207705479689e-16,1.66799124624267e-07,0.817172728388035,2.09161232376488e-10,2.71902387736821e-07,0.840388791715153,2.61139444270395e-10
"unclassified_Oxalobacteraceae",0.298280039509579,0.952428335209382,0.196064230892921,0.280571870403721,0.127314230350289,0.181716261239165,0.699280874732178
"Undibacterium",5.84440830998604e-05,0.00176942218324501,0.974478595618316,0.00195088272500095,0.00704059728043047,0.346593507087334,0.00774868724222921
"Duganella",0.00150279673026654,0.0213864356094836,0.114008227774622,0.0213864356094836,0.0180138997336546,NA,0.0180138997336546
"Herbaspirillum",0.405474526049665,0.346593507087334,0.346593507087334,0.346593507087334,NA,NA,NA
"Cupriavidus",0.27215736956609,0.346593507087334,0.16985248517886,0.17448506371467,0.238200626704771,0.32713378075175,0.558925365183008
"Polynucleobacter",0.000362662727635887,0.00171043705966481,0.561879600090208,0.00166889347727882,0.0152417654619241,0.346593507087334,0.0150090635061024
"Burkholderia",0.44155453367863,0.198091316386485,0.925750669419341,0.198091316386485,0.346593507087334,NA,0.346593507087334
"Ralstonia",0.127648786074399,0.214586242478134,0.420727314897387,0.249304489286382,0.110486168917205,0.346593507087334,0.121699348433549
"Leptothrix",0.566386166701275,0.977889472582433,0.869696537945298,0.274530845724976,0.909984319102265,0.323331846429959,0.238223962321409
"unclassified_Burkholderiales_incertae_sedis",0.187973274809627,0.0496452236949972,0.473133663019409,0.151172170804777,0.234599930583821,0.40840418888371,0.532961579418713
"Aquabacterium",0.204436504396002,0.149431652983417,0.854221613909717,0.247538531045771,0.0811100021556519,0.0207340498833639,0.175936393234767
"Thiomonas",0.100067193038824,0.248702388404204,0.351816690336007,0.248702388404204,0.102598371596926,NA,0.102598371596926
"Achromobacter",0.900741638735708,0.487573592906515,0.935956394983439,0.408012294298629,0.73906296875646,0.830372614345523,0.670404886559781
"unclassified_Alcaligenaceae",0.289717569002369,0.14623751870406,0.370084790759842,0.383610185350709,0.315065355380286,0.157472716903513,0.886035602718085
"Eoetvoesia",0.571885055058177,NA,0.346593507087334,0.346593507087334,0.346593507087334,0.346593507087334,0.855559589097751
"unclassified_Burkholderiales",0.0485200658419377,0.806337363650173,0.612825654848614,0.0531313691639701,0.387341782491962,0.00188860476295006,0.0252573443219791
"Zoogloea",7.37731567649016e-18,5.94127653297968e-08,0.698312995010078,7.72080366344092e-08,3.16126642630923e-08,0.15041749934178,4.46674301601296e-08
"Azonexus",6.76077206369729e-07,4.1479823217066e-05,0.366039951806088,0.000227756366940584,0.00109522153777033,0.0306127411767335,0.00576449497791255
"Azospira",7.6277280744749e-11,7.76764452897359e-06,0.00970334697359129,5.60049603170007e-06,0.000273542289772451,0.25491384966667,0.000458407880142543
"Dechloromonas",0.000186029539436787,0.0574677549872906,0.0230418603807857,0.0100043671530826,0.00333214756008534,0.388705780750801,0.00087118348033942
"Uliginosibacterium",0.00292790509239569,0.00355521602567718,0.0867968549372116,0.081037168993652,0.0435208870238376,0.0101833402726429,0.914942329157436
"Propionivibrio",0.72247430179503,0.780679403366132,0.590788135099447,0.733991593951346,0.421359093392661,0.910468153319786,0.397912824351391
"Sulfurisoma",0.217473332382503,0.501432635424813,0.172460665764513,0.992374672253987,0.0408272152608702,0.466423970048347,0.0969898721085317
"unclassified_Rhodocyclaceae",0.000147081710059379,0.00163198108852432,0.22869105426142,0.00287430817950549,0.0203017715211896,0.0813811076047258,0.0394166826529625
"Thauera",0.114395586550159,0.164252424355494,0.809157163355176,0.154449234996217,0.0813300439099284,0.169946237829118,0.0759418240857128
"Rivicola",5.43161189672463e-13,4.89670747480836e-05,0.584740274447253,7.62322656881671e-07,4.51528902479113e-05,0.521283848232752,6.29340025331054e-07
"unclassified_Neisseriaceae",6.28028679753472e-23,2.2534357428263e-08,0.789022569162945,1.57889483379063e-09,2.10804119116646e-08,0.0871518112035965,1.41744089850808e-09
"Neisseria",0.53675439822019,0.346593507087334,0.346593507087334,NA,0.650605184580762,0.346593507087334,0.346593507087334
"Chromobacterium",0.569245289237835,0.830213311772536,0.346593507087334,0.346593507087334,0.346593507087334,0.346593507087334,NA
"Microvirgula",0.156871437096967,0.346593507087334,0.341471603644168,0.346593507087334,0.143544136986037,NA,0.143544136986037
"Nitrosomonas",0.000362838578741484,0.00638183513011312,0.195929869740787,0.481376466332725,0.0245434732993426,0.00954042165569187,0.421072277939153
"unclassified_Nitrosomonadaceae",0.0488633728056788,0.12572120554226,NA,NA,0.12572120554226,0.12572120554226,NA
"Thiobacillus",0.0508242441287106,0.070134479019378,0.798708046569696,0.0591969198165674,0.0819278197087742,0.439793561212652,0.0717404484816742
"Methylophilus",0.168164540389504,0.0945978913798677,NA,0.175868264009615,0.0945978913798677,0.415562914821672,0.175868264009615
"unclassified_Methylophilaceae",0.385123849675888,0.474542130657304,0.346593507087334,0.764011495455569,0.0495461961688363,0.678568417463311,0.174324354263534
"Methylobacillus",0.343381792316811,0.996844520421746,0.291943218694427,0.180874217724935,0.284976239687882,0.174014830605391,0.346593507087334
"unclassified_Betaproteobacteria",2.85476774560231e-07,9.39382557248594e-05,0.444985378436094,0.000123082522508158,0.00108387656597036,0.138555343397415,0.00244898996492806
"Pseudomonas",1.46978707515204e-23,7.18421911547676e-09,0.736702742956498,1.29805090243182e-08,1.77877863189529e-09,0.0536397523703721,4.88850115367273e-09
"unclassified_Pseudomonadaceae",7.71416963491808e-19,3.20365567075481e-07,0.690842136800378,1.09224710592359e-07,1.65248038520656e-07,0.181219773486313,5.03101077105605e-08
"Acinetobacter",2.85390385430999e-33,3.52652744830709e-11,0.470837460862735,1.57375283010903e-10,3.47529135899605e-11,0.0046532771479379,1.56505993195706e-10
"Enhydrobacter",3.21504167626228e-21,2.08289715041025e-10,0.0362212766765166,6.33613848991027e-08,1.24380848112289e-10,0.326172191218381,7.09113727213807e-08
"unclassified_Moraxellaceae",4.33797647555616e-21,3.20794549440205e-07,0.0433102452934665,2.27822101362123e-08,3.27295174086185e-07,0.818411575528236,2.30887211490625e-08
"Alkanindiges",0.405474526049665,0.346593507087334,NA,NA,0.346593507087334,0.346593507087334,NA
"unclassified_Pseudomonadales",7.86509277644288e-14,2.41122962780203e-06,0.466750793158658,1.72976101876874e-05,2.06464965977326e-06,0.652758360417212,1.69340324661376e-05
"Yersinia",0.875262948898919,0.66199375649545,0.804659625234485,0.83160477874058,0.459839846476901,0.12312921927361,0.594117891386803
"Salmonella",0.0266992901822104,0.000708430670838873,0.539911879331198,0.108019287131717,0.000666992553159909,0.772839089160254,0.102932706411851
"Morganella",0.141930544834441,0.231811817183899,0.484172561167162,0.249914794349363,0.107861803666056,0.537387404553063,0.114316038878563
"unclassified_Enterobacteriaceae",0.964415483653793,0.748112811705299,0.704968884711363,0.855217340229724,0.846099538517981,0.815783133450442,0.767217724216395
"Stenotrophomonas",7.23565771672046e-07,0.000435848341311366,0.330843816752977,0.000701714697325513,0.00113127320775704,0.173141716779032,0.00198375818867856
"Luteimonas",4.1989027194773e-06,0.000752964776771037,0.994439518278809,0.000609719923713457,0.000799247433906901,0.428061892429725,0.000591378097430049
"Thermomonas",0.666752425278351,0.467311066920919,0.593822067975881,0.325775115599474,0.816441451656618,0.57436174299575,0.522761250210045
"Pseudoxanthomonas",0.753997093778011,0.676777331135032,0.597492327085571,0.426793183362294,0.798120284482546,0.295686214095649,0.466923345272626
"unclassified_Xanthomonadaceae",1.57642059929656e-15,7.11298599707501e-10,0.558334177035192,5.57654962363117e-07,4.87123490549498e-10,0.428430769955377,2.26276296576351e-07
"Rhodanobacter",0.405474526049666,0.346593507087334,NA,NA,0.346593507087334,0.346593507087334,NA
"Nevskia",0.00391636785232056,0.0307075522843511,NA,0.0453718362223008,0.0307075522843511,0.122742529606867,0.0453718362223008
"unclassified_Sinobacteraceae",0.114462595568919,NA,NA,0.181567874421237,NA,0.181567874421237,0.181567874421237
"unclassified_Xanthomonadales",0.112132296128543,0.179884466079238,NA,NA,0.179884466079238,0.179884466079238,NA
"Methylomonas",0.107731960367036,0.179536534665201,0.62820926203423,0.174080987739597,0.083145902814719,0.139884450607697,0.0807621329392394
"unclassified_Methylococcaceae",0.146368920434266,0.185978936657077,0.805672442048554,0.180438500757362,0.0934090458667331,0.509562849188318,0.0902966367673561
"unclassified_Aeromonadaceae",5.25119938741125e-05,0.00169267961608766,NA,0.00615155298168646,0.00169267961608766,0.413614258852614,0.00615155298168646
"Tolumonas",0.192895179974593,0.346593507087334,NA,0.037310884132484,0.346593507087334,0.666193289445592,0.037310884132484
"unclassified_Aeromonadales",0.405474526049665,NA,NA,0.346593507087334,NA,0.346593507087334,0.346593507087334
"unclassified_Gammaproteobacteria",1.21998883096011e-17,3.04458553826351e-06,0.246999785993593,1.21593160255741e-07,2.82267500471935e-06,0.0614136882371273,8.20764313356251e-08
"Acidithiobacillus",0.0184885003601636,0.0786452164107988,0.953788657320732,0.0032950480435549,0.152440597462844,0.183869390136316,0.024793478248461
"unclassified_Cardiobacteriaceae",0.405474526049665,0.346593507087334,NA,NA,0.346593507087334,0.346593507087334,NA
"Legionella",0.743441045661229,0.426199266264525,0.905176622963751,0.597006617467709,0.31273615957119,0.791092949656492,0.485535969561652
"Thiovirga",0.405474526049665,NA,0.346593507087334,NA,0.346593507087334,NA,0.346593507087334
"unclassified_Sorangiineae",1.69670304938411e-05,0.00129831710509658,0.250180706700763,0.00124637519843643,0.0102325620576083,0.576128263115037,0.00970550083821261
"unclassified_Polyangiaceae",0.0681524615018641,0.0865447975804395,0.751298595659461,0.0899822686933095,0.0809819688871498,0.760663854335836,0.0835576094298988
"unclassified_Cystobacterineae",0.000373417256614114,0.00384362965978881,0.506801296476466,0.00121228745784842,0.0149028558162673,0.476304574320987,0.00444577997870681
"unclassified_Myxococcales",0.00254362268459363,0.0116838529191658,0.162532152579606,0.00756426390386384,0.169497855629736,0.0499884098116835,0.101504302198093
"unclassified_Nannocystineae",0.697734040480538,0.346593507087334,0.346593507087334,0.346593507087334,0.928778594625722,0.601386296037867,0.643634026295562
"Sandaracinus",0.265529802904819,0.346593507087334,0.423038249998309,0.346593507087334,0.207272708012361,NA,0.207272708012361
"unclassified_Bacteriovoracaceae",0.0100542632693635,0.0172535146975444,0.991521474547064,0.0198230201519583,0.0379251339937538,0.875640693997574,0.0424720277914526
"unclassified_Bdellovibrionales",0.549791680244339,0.174505287516545,0.346593507087334,0.0888635346291152,0.90630181881275,0.604688721832246,0.785411871078256
"Syntrophorhabdus",0.0107039768500358,0.0513626357799695,0.382831873296031,0.0426153136243151,0.0159160673868062,0.994381110222581,0.0122448530903124
"Geobacter",1.11479470154641e-07,0.000421772813620501,0.524731979384083,0.00043043225164822,0.00059333980737935,0.705000046662166,0.000609057227340626
"unclassified_Geobacteraceae",1.30975023365934e-07,0.000440864756429332,0.93827510145434,0.000464335434065,0.000537122778583542,0.654119080787911,0.000566733982498581
"unclassified_Desulfuromonadales",3.93999639583198e-09,6.86727582429764e-05,0.718923495733057,7.42828394015012e-05,0.000273628007378353,0.945145152905433,0.000288287086014905
"Desulfuromonas",0.0995491791952731,NA,0.170527772099269,NA,0.170527772099269,NA,0.170527772099269
"Desulfobulbus",0.668642391149507,0.766047372111334,0.526455010451583,0.951252319088908,0.327728229198989,0.532544721991519,0.420691848272616
"unclassified_Desulfobulbaceae",0.311850208630561,0.150060507166593,0.693102171575758,0.290940944043964,0.104486867803582,0.607575766285041,0.349499791902125
"unclassified_Desulfobacteraceae",0.413152518468716,0.562266656039488,0.292527659083982,0.206695050886887,0.547584093978483,0.346593507087334,0.346593507087334
"Desulfatiglans",0.405474526049665,NA,0.346593507087334,NA,0.346593507087334,NA,0.346593507087334
"unclassified_Desulfobacterales",0.205375141489359,0.091933328515561,0.851540759946405,0.279274915361292,0.0978684689696645,0.346593507087334,0.247017689431623
"Desulfovibrio",0.0239309741791271,0.41393532487288,0.143762156634333,0.227450869934258,0.0485129461015342,0.743028454587457,0.0324543226172101
"unclassified_Desulfovibrionaceae",0.0935415734114925,0.502104787313698,0.244440147293743,0.400377680461448,0.0811379987740005,0.839701548501029,0.0635300691854212
"unclassified_Desulfovibrionales",0.00145807163297091,0.0116113178506154,0.387195323078804,0.00912840620757278,0.0166121951509917,0.765316763616984,0.0145705640121714
"Smithella",9.94546875445517e-12,7.02359813928622e-06,0.312723121799236,8.17346549470337e-06,2.57448893540005e-05,0.94897406320509,2.76666635006402e-05
"Syntrophus",0.0746526314231584,0.154701609631103,0.509420456201723,0.161582407994318,0.0716717595631494,0.549074865993098,0.0742574883209296
"Desulfomonile",0.00635422000406601,0.00552431910550928,0.819781750460388,0.0244194525916225,0.0150360694354088,0.475370043944929,0.0537503569842444
"unclassified_Syntrophaceae",0.00519697202751426,0.0361756797860475,0.182470157274859,0.109758039565162,0.0100056702644276,0.737881544223707,0.018526766965715
"Desulfobacca",0.10314012918589,0.183746666565733,0.738250030588474,0.157400876934442,0.0717844542868947,0.575689911561217,0.0601156079805393
"Syntrophobacter",4.49855186167582e-08,0.000148107586250298,0.902011364251775,0.000146947828266871,0.000647507617585888,0.903949810666066,0.00063548873544428
"unclassified_Syntrophobacteraceae",1.82111820799947e-06,0.000205338948938866,0.964930565088651,0.000208586240665192,0.00321242798856121,0.902678951966262,0.00314424903024205
"unclassified_Syntrophobacterales",3.17015131423253e-10,9.48385251442578e-05,0.408407229768979,9.46228474642525e-05,7.75722914570608e-05,0.752248408545366,7.75638715819222e-05
"unclassified_Deltaproteobacteria",6.8395357151577e-11,2.0016736753028e-07,0.606110844883027,1.38451879640956e-06,2.98181533684347e-06,0.76134311236641,4.76627726330674e-06
"Sphingopyxis",2.4320792050467e-07,0.000328543831383993,0.273606217071732,0.000208806423926413,8.533760681662e-05,0.774939384099505,5.52302884095685e-05
"Sphingomonas",0.017214685245927,0.982284897153247,0.00646607491354635,0.526118538640596,0.0269051297722162,0.571502997693354,0.00420552334618296
"Novosphingobium",0.393878657742257,0.937242074877866,0.293276678821683,0.795310442089932,0.251273626302067,0.635664443180304,0.324016555960188
"unclassified_Sphingomonadaceae",0.00528864696261243,0.0321324747806353,0.284464406600115,0.107043488714672,0.00105477939844153,0.839997546879724,0.0115342978655982
"Sphingobium",0.24141498081652,0.188505161016104,0.70357230396124,0.188505161016104,0.169771667539895,NA,0.169771667539895
"Sphingosinicella",0.156419239266517,0.174859391546046,0.277399716629594,0.174859391546046,0.346593507087334,NA,0.346593507087334
"unclassified_Erythrobacteraceae",0.405474526049665,0.346593507087334,NA,NA,0.346593507087334,0.346593507087334,NA
"unclassified_Sphingomonadales",0.067493096503229,0.288390374815077,0.0836848566389278,0.186050757927001,0.141605221419494,0.697753918314039,0.184294444095417
"Pleomorphomonas",0.599346870229299,0.162839108259375,0.826341007319885,0.945753954528534,0.422724455445039,0.0956794959768664,0.85152054761755
"unclassified_Methylocystaceae",0.00460528750665806,0.0284037465730288,0.619234378724182,0.0309448383641448,0.00943420366188768,0.860921292385906,0.0108831661234046
"Methylocystis",0.032310267982053,0.0260205379515055,0.634624639282966,0.0335712920309112,0.0957527838350369,0.643833058987552,0.120544858104783
"Bosea",2.1025802998035e-11,8.09693399975165e-05,0.27805308115592,8.41456260277352e-05,3.89008492703892e-06,0.869062797295832,5.14651554575077e-06
"unclassified_Bradyrhizobiaceae",6.81528197609166e-14,1.17637989193858e-05,0.377358711308544,1.09242873329706e-05,3.43354252359632e-06,0.854805068908871,3.16061182193316e-06
"Rhodopseudomonas",1.98250701426009e-06,0.00598901895606323,0.378060328523749,0.00445293218554628,0.000233854030293974,0.346593507087334,0.000232283594007372
"Bradyrhizobium",0.536760610964399,0.42989244334021,0.661583303321037,0.174770734143711,0.754268899376147,0.346593507087334,0.346593507087334
"Methylobacterium",0.089530062510494,0.0829228966775439,0.776332402083519,0.106462686352528,0.0850394888813924,0.745103392229941,0.10323074424281
"unclassified_Methylobacteriaceae",0.442913548269774,0.529718861019628,0.905679316912681,0.136572086703678,0.643271038837206,0.232729780536997,0.199150744296384
"Aminobacter",0.00194083968155721,0.00357533590912153,0.753807108896344,0.103483865902617,0.00124237215312832,0.142402412013369,0.0492205595369228
"unclassified_Phyllobacteriaceae",0.197852295430249,0.0970442802598199,0.509299591388848,0.0610588123792428,0.301159444558918,0.88742980048582,0.224571483083977
"Aquamicrobium",0.405474526049665,NA,0.346593507087334,NA,0.346593507087334,NA,0.346593507087334
"Xanthobacter",0.405474526049665,0.346593507087334,NA,NA,0.346593507087334,0.346593507087334,NA
"Ancylobacter",0.00137342015636445,0.00953590138490153,0.0826944088134582,0.0107855488046307,0.129553911846989,0.757032496600757,0.163927955068869
"unclassified_Xanthobacteraceae",0.161056783466139,NA,0.212801541319213,NA,0.212801541319213,NA,0.212801541319213
"Rhizobium",0.459140349141537,0.300955148692161,0.763975542423372,0.659028238433522,0.473596156559498,0.105710742800019,0.436830940806524
"unclassified_Rhizobiaceae",0.0837020113004119,0.187361722517988,0.393930882230578,0.206684060709129,0.0852565318202736,0.387256244064331,0.0911366931904669
"Kaistia",0.161748935771477,0.315683961606008,0.897943283742897,0.00603648324793982,0.432746099486742,0.185802069969979,0.0997285991031367
"Neorhizobium",0.405474526049665,0.346593507087334,0.346593507087334,0.346593507087334,NA,NA,NA
"Shinella",0.325997714762985,0.346593507087334,0.622449349832423,0.346593507087334,0.184537555537241,NA,0.184537555537241
"Devosia",0.061540819374014,0.025780800306801,0.487623793932835,0.161495092995448,0.0108842267325818,0.902011325006423,0.0891839580233666
"unclassified_Hyphomicrobiaceae",0.246854335055902,0.195544790116257,0.684966266329743,0.756212243388476,0.139174646832619,0.303646712057055,0.54047662828276
"Blastochloris",0.405474526049665,0.346593507087334,NA,NA,0.346593507087334,0.346593507087334,NA
"Hyphomicrobium",0.405474526049665,NA,0.346593507087334,NA,0.346593507087334,NA,0.346593507087334
"unclassified_Rhizobiales",0.0195062193474045,0.0128363988718071,0.664975332033378,0.00547606042997408,0.156132981273102,0.214713831579718,0.0907516033006641
"Pseudochrobactrum",0.57858037368768,0.346593507087334,0.98022033554288,0.346593507087334,0.346593507087334,NA,0.346593507087334
"unclassified_Brucellaceae",0.578704410611531,0.346593507087334,0.997122526381044,0.346593507087334,0.346593507087334,NA,0.346593507087334
"Parvibaculum",0.163225082205513,0.174859391546046,0.867147146796045,0.174859391546046,0.108330613296677,NA,0.108330613296677
"Pseudochelatococcus",0.405474526049665,NA,0.346593507087334,NA,0.346593507087334,NA,0.346593507087334
"Phreatobacter",0.405474526049664,NA,0.346593507087334,NA,0.346593507087334,NA,0.346593507087334
"Reyranella",2.01584214486401e-06,0.00213388830327103,0.25618657221096,0.0021193100538977,0.000859683657702385,0.962794308083502,0.000860558097477673
"Novispirillum",2.43749890489867e-07,0.000427366596366266,NA,0.013903764556771,0.000427366596366266,0.0133773020349142,0.013903764556771
"Telmatospirillum",0.70106714512829,0.238182086773584,0.346593507087334,0.346593507087334,0.873868030475996,0.651570889267422,0.79577565284902
"Magnetospirillum",0.537801722015609,0.843122254347308,0.517254783397503,0.566064008598861,0.370328837913629,0.18957867876835,0.254938037421457
"unclassified_Rhodospirillaceae",0.361942942199008,0.217870391386842,0.769227121615007,0.3077384218765,0.205609642275049,0.736142834604061,0.287667291792139
"Azospirillum",0.360517224291464,0.346593507087334,NA,0.0839928885702603,0.346593507087334,0.950726739437368,0.0839928885702603
"unclassified_Acetobacteraceae",0.707375906052897,0.765175804778945,0.530434014089083,0.476916372374474,0.791362772071866,0.438709574905719,0.271144074372907
"Roseomonas",0.153819333734226,0.172460665764513,0.567755293267232,0.172460665764513,0.132328240755502,NA,0.132328240755502
"Acetobacter",0.0011890097736135,0.0241261440391417,0.360271825952705,0.0241261440391417,0.0111151893794747,NA,0.0111151893794747
"unclassified_Rhodospirillales",0.0290072130981974,0.234450788496536,0.224972248468546,0.0372228594341185,0.10589159162048,0.442149543560363,0.0153000580810727
"Brevundimonas",4.05925323920536e-06,4.95295327119655e-05,0.672366401750647,1.17831301797073e-05,0.00364091195911351,0.563372544491461,0.00167269330302373
"Phenylobacterium",0.223658243555308,0.112105853249131,0.671871776818988,0.651594018078766,0.0237026094059907,0.335549237487549,0.388145219159202
"Caulobacter",0.00104406623652592,0.00734894255295992,0.872675914466712,0.00614074818710062,0.00880201584584246,0.864616961926017,0.00749676331482469
"unclassified_Caulobacteraceae",0.761009226129663,0.675778542333656,0.61082567201473,0.690167755124319,0.855432794506467,0.327516057463387,0.353388156074995
"unclassified_Caulobacterales",0.0419797721139508,0.11426452581702,0.543925109860174,0.0187738643804639,0.287320083668108,0.336834387988762,0.0514411027333851
"Ferrovibrio",0.0346446698237768,0.228072162700498,0.353392832853533,0.409626946107755,0.00119207672503537,0.000901861938611963,0.829126195671096
"Taonella",0.0604015917301238,0.127650134945312,0.651378285435914,0.784912078594827,0.103030179088992,0.145456423889878,0.41668570972753
"unclassified_Sneathiellaceae",0.112213441987922,0.179943328070917,NA,NA,0.179943328070917,0.179943328070917,NA
"unclassified_Alphaproteobacteria",0.927514018891259,0.752972549056276,0.802940850774604,0.76739533694044,0.602587134623618,0.260561980848759,0.942634344415079
"Paracoccus",0.532543339566638,0.346593507087334,NA,0.346593507087334,0.346593507087334,0.634568721739323,0.346593507087334
"unclassified_Rhodobacteraceae",0.28086183511564,0.413834582361114,0.430439167258341,0.221102506514314,0.885111616343516,0.0613250842513141,0.127647213965309
"Gemmobacter",0.405474526049665,NA,0.346593507087334,NA,0.346593507087334,NA,0.346593507087334
"Candidatus Pelagibacter",0.405474526049666,0.346593507087334,0.346593507087334,0.346593507087334,NA,NA,NA
"Sulfurospirillum",9.50809758176144e-05,0.000749869955945334,0.954396087038026,0.00620256440913039,0.000462066906930227,0.448049436402955,0.00425899625653177
"Arcobacter",0.915107803288644,0.485355472149423,0.976299934570695,0.78408914952995,0.587909725947932,0.664677938654007,0.844991228570265
"unclassified_Campylobacteraceae",0.0157354831239516,0.0206706925015191,0.317813950723224,0.0489784997871019,0.0551660718750064,0.201768537076808,0.256500454499365
"Sulfuricurvum",0.0233883341756724,0.0664032588628183,0.657043442365686,0.0664032588628183,0.0232837274834205,NA,0.0232837274834205
"Sulfurovum",0.00720715013398207,0.126926036932257,0.142329483227626,0.126926036932257,0.0324011329774479,NA,0.0324011329774479
"Wolinella",0.222641141135498,0.346593507087334,0.558682296166145,0.346593507087334,0.112995734685527,NA,0.112995734685527
"unclassified_Epsilonproteobacteria",0.498201283932437,0.346593507087334,0.632441908195176,0.787952531278991,0.127826959666424,0.346593507087334,0.410097365940216
"unclassified_""Proteobacteria""",7.26935569329371e-06,1.53968161320837e-06,0.949272991830423,0.0137291467851993,9.04951872877031e-06,0.134638204337993,0.0169643146892133
"Clostridium sensu stricto",6.34445021303783e-08,1.27456970099083e-05,0.177368044633395,0.000324676219397667,3.56547811417362e-05,0.707381134763382,0.000705974017884466
"unclassified_Clostridiaceae 1",3.76652623321896e-07,0.000118183318404383,0.310901881669103,0.000318919549600319,0.000277760979194021,0.666137060803963,0.000607935974236536
"Anaerobacter",0.405474526049665,0.346593507087334,NA,NA,0.346593507087334,0.346593507087334,NA
"Clostridium III",1.20565827385282e-05,0.00146916084007448,0.908833113831006,0.00188763411482278,0.00251138265144694,0.274265956531804,0.00327576487075152
"Papillibacter",0.0318932741644023,0.0399861866735493,0.158696939482551,0.0180030190003731,0.509416617579435,0.5084258515139,0.259725914816596
"Anaerofilum",0.173539901088154,0.176996775676045,0.0542665423533957,0.274590073453339,0.323446574012219,0.85184004329048,0.268694812306486
"unclassified_Ruminococcaceae",6.41086487544638e-09,3.70080940811489e-05,0.602259860578922,4.7706772867583e-05,0.000203266439001206,0.236493264984845,0.000318207191074937
"Clostridium IV",7.03501477022237e-05,0.00696066883546125,0.157905982686094,0.0377784243672813,0.00049633049115182,0.403237850071882,0.00157419114186371
"Oscillibacter",0.0787122823759364,0.172460701786388,0.276642435016295,0.172460701786388,0.112660982283491,NA,0.112660982283491
"Saccharofermentans",0.484271404683296,0.346593507087334,0.494259807673876,0.346593507087334,0.346593507087334,NA,0.346593507087334
"Syntrophomonas",0.000142854853054201,0.000644419684505823,0.371495868559892,0.000121955271042337,0.0128161573706291,0.212085898848164,0.00576545045778696
"unclassified_Syntrophomonadaceae",0.00124537845593643,0.00329556696132936,0.692863305484587,0.00433213602649383,0.0203819961373324,0.460621510868911,0.0240873998261054
"Acetobacterium",0.0473613268552292,0.375087541387742,0.151604316233614,0.322318703809448,0.00763756532328786,0.79512448864603,0.0166418409097418
"unclassified_Eubacteriaceae",0.167179995357633,0.759624533714053,0.288659799613613,0.170271072766704,0.445689880213334,0.129895175613589,0.0450415372966339
"Anaerovorax",7.81288706192882e-15,5.04646216991502e-06,0.0671094534208949,5.4159526852143e-06,1.34659467382396e-06,0.743202759296471,1.6788530693791e-06
"unclassified_Clostridiales_Incertae Sedis XIII",0.00459591520296047,0.00958596182600907,0.533974673411594,0.0712453900625883,0.00334228090501139,0.517227151509746,0.0302599728569072
"Acetoanaerobium",0.405474526049665,0.346593507087334,NA,NA,0.346593507087334,0.346593507087334,NA
"unclassified_Peptostreptococcaceae",0.102175106037026,0.19390615498609,0.541124475946528,0.19390615498609,0.0813358516729678,NA,0.0813358516729678
"Proteocatella",0.405474526049665,NA,0.346593507087334,NA,0.346593507087334,NA,0.346593507087334
"unclassified_Peptococcaceae 1",0.0660587018453681,0.0316016130907506,0.942833246711821,0.0621415702586861,0.0854920034632498,0.608367657790355,0.137320813029824
"Syntrophobotulus",0.0142108597964417,0.0761408473556284,0.442392260115483,0.0761408473556284,0.0299865500948833,NA,0.0299865500948833
"Desulfitobacterium",0.405474526049664,0.346593507087334,0.346593507087334,0.346593507087334,NA,NA,NA
"Desulfosporosinus",0.0978939280149701,NA,0.169260296076571,NA,0.169260296076571,NA,0.169260296076571
"Sedimentibacter",0.227531965647331,0.116665450147728,0.414606400999068,0.0459924445228252,0.54192896753841,0.764918238805401,0.360541827186685
"unclassified_Clostridiales_Incertae Sedis XI",0.459398189309865,0.543182608392533,0.910606028474785,0.186015998289926,0.660685939839462,0.114966445765891,0.271344812966815
"unclassified_Clostridiales",2.4312102160948e-10,5.04015456688716e-09,0.80795605178552,3.23221324800281e-07,7.36978177763501e-05,0.902029871386844,6.56845325146162e-05
"Gracilibacter",0.40801024447209,0.282473400080608,0.566773216799895,0.215234773940383,0.504153063636874,0.346593507087334,0.346593507087334
"Clostridium XlVb",0.150535945034177,0.443732568057743,0.272072018276375,0.536390085968018,0.140296895788702,0.709958345022716,0.156168162645326
"Clostridium XlVa",0.289261717781894,0.172460665764513,0.539596722455128,0.172460665764513,0.231286010605864,NA,0.231286010605864
"unclassified_Lachnospiraceae",0.174943588259257,0.228368444216844,0.599669617385996,0.228368444216844,0.12130841810286,NA,0.12130841810286
"Vallitalea",0.149689783694397,0.180874217724935,0.431417567804663,0.180874217724935,0.145451454570506,NA,0.145451454570506
"Peptoniphilus",0.405474526049665,0.346593507087334,0.346593507087334,0.346593507087334,NA,NA,NA
"Catabacter",0.405474526049665,NA,0.346593507087334,NA,0.346593507087334,NA,0.346593507087334
"Hydrogenispora",0.405474526049665,NA,0.346593507087334,NA,0.346593507087334,NA,0.346593507087334
"unclassified_Clostridia",0.00180257911831957,0.0181741810587756,0.76551623548989,0.00466991936990131,0.0423741899814138,0.063301076489886,0.0112434931968347
"Lactococcus",1.0414862429465e-06,0.000208757652943341,0.949045350391134,0.000460848417446989,0.00175080287009442,6.03065861738547e-07,0.0035421155582686
"unclassified_Streptococcaceae",2.4469591783809e-06,0.000484037345943822,0.945690916843979,0.000531331509935121,0.00248048824725907,0.812505844414242,0.0026161669833087
"Streptococcus",0.73728236769149,0.346593507087334,0.832250886268237,0.765942544901098,0.346593507087334,0.346593507087334,0.639490244431113
"Carnobacterium",0.000485092485308075,0.00096961959820204,0.736923907994979,0.0250127496452747,0.00242942416797248,0.021984371876977,0.0585867168453227
"unclassified_Carnobacteriaceae",0.000557827125798912,0.000738499038867824,0.618455148361802,0.0172250483794602,0.00409565675994537,0.029008157720733,0.0758034544993386
"Lactobacillus",0.405474526049665,0.346593507087334,NA,NA,0.346593507087334,0.346593507087334,NA
"unclassified_Lactobacillales",1.87953094061844e-05,6.51717016201105e-05,0.557689600728103,0.00179460865133846,0.0010516667579454,0.0288938476001919,0.0200526969269683
"Enterococcus",4.07660513792242e-07,0.557380013331913,0.932374174721423,0.000249312654268102,0.55789352047327,0.000100496812302633,0.000186634868392362
"unclassified_Enterococcaceae",0.00355403022569922,0.590026558333612,0.956100655298276,0.0242647654192347,0.684166977643592,0.0141354941654088,0.0255642613808276
"Lysinibacillus",0.00195374934807347,0.0329764176064527,NA,0.346593507087334,0.0329764176064527,0.0436032594726759,0.346593507087334
"unclassified_Planococcaceae",0.00610260224333711,0.056472633772044,NA,NA,0.056472633772044,0.056472633772044,NA
"Staphylococcus",3.95522344710895e-07,0.00422605460453685,0.346593507087334,0.000951953573439869,0.00331620884565876,0.0177566514680546,0.000865136638045251
"unclassified_Staphylococcaceae",0.405474526049665,NA,NA,0.346593507087334,NA,0.346593507087334,0.346593507087334
"unclassified_Bacillales",0.0171442602481191,0.0516084769653922,NA,0.0291941829510078,0.0516084769653922,0.755080365223138,0.0291941829510078
"Alicyclobacillus",0.532440630366719,0.346593507087334,0.346593507087334,NA,0.634188709964712,0.346593507087334,0.346593507087334
"Tumebacillus",0.405474526049665,NA,0.346593507087334,NA,0.346593507087334,NA,0.346593507087334
"Gemella",0.405474526049665,NA,NA,0.346593507087334,NA,0.346593507087334,0.346593507087334
"unclassified_Bacilli",0.351955059506864,0.121246789516778,0.728615749491217,0.299727945309648,0.240464626251182,0.137180582212144,0.542701682458916
"Anaerosinus",0.000619497910415475,0.0290139839504273,0.503788181448678,0.0288853815696,0.00401194652358526,0.258386730109805,0.0039941032681367
"unclassified_Veillonellaceae",2.88679041777836e-05,0.00779384456999955,0.450784526482314,0.00886442661353917,0.00113803242093886,0.707519036675934,0.0012818024941349
"Megasphaera",0.246702743519756,0.831018174739911,0.833252954515416,0.0848410984126051,0.665823371053869,0.20529540857949,0.0056545594249203
"Pelosinus",0.38372932214636,0.916911706088087,0.33115185055201,0.65878609706889,0.342093081555987,0.490534252026664,0.227636807328543
"Psychrosinus",0.0959324724811197,0.341117483368368,0.272242467050554,0.558575858363465,0.0524745616370874,0.445506720246172,0.0899069339157555
"Pectinatus",0.00773249447226538,0.0194348646480606,0.464620366864662,0.0194348646480606,0.0632676213952645,NA,0.0632676213952645
"Propionispira",0.00119130992145834,0.038544198623579,0.326316578930736,0.0416861601800169,0.00751582567380095,0.346593507087334,0.00800523885806422
"Selenomonas",0.189141854544994,0.346593507087334,0.510911731200351,0.346593507087334,0.100217761927822,NA,0.100217761927822
"Sporomusa",0.405474526049665,NA,0.346593507087334,NA,0.346593507087334,NA,0.346593507087334
"unclassified_Acidaminococcaceae",0.0599384722719128,0.175193518761059,0.198229238312035,0.0597264408979692,0.876545710931412,0.0980649766983673,0.0853587613964185
"unclassified_Selenomonadales",2.17408652733106e-13,6.50228109642823e-07,0.774929476381629,7.26951454394008e-07,4.23877462579975e-05,0.880640693470548,4.36035946663414e-05
"unclassified_Firmicutes",3.61719278743386e-09,2.22352925864422e-06,0.667000786380546,1.08267704441741e-05,5.74128855650397e-06,0.890609925410673,2.46438691519955e-05
"Melioribacter",0.0944983213871358,0.171995619918094,0.548697459309498,0.172362509668685,0.0820242842996364,0.560875066659798,0.0821715039418238
"Ignavibacterium",0.0235594320204158,0.0757214903106374,0.856387890786528,0.0834693063767031,0.0136450003449081,0.501334018726535,0.0160540712274443
"unclassified_Ignavibacteriaceae",0.0130366826594228,0.0233866212642242,0.508547551481335,0.00442432617626564,0.0679057275558479,0.518011445745275,0.040244965791269
"Holophaga",2.04254516115348e-05,0.00119987832178237,0.780866681162064,0.00114089563737757,0.00602092033542964,0.624711521588029,0.00559947320070581
"Geothrix",3.26098450349149e-10,1.47962766102426e-06,0.824371401502662,2.61498139206526e-06,0.000219948882233046,0.991478773260822,0.000240130168717757
"unclassified_Holophagaceae",5.34986777006677e-05,0.000962086454734939,0.877248000412254,0.000823411155532899,0.00592561256630016,0.826484919764574,0.00486356469319124
"unclassified_Holophagae",0.174549595181573,0.0586509492375844,0.769969778394947,0.152010514899657,0.144076213809617,0.387673353381647,0.30932538639688
"Gp3",8.97633850398729e-07,0.000892832772048981,0.185517422042845,0.000830512256795847,0.0017817728796922,0.62042849630455,0.00160770103438794
"unclassified_Acidobacteria_Gp3",2.25896996609596e-06,0.000877093317167821,0.250554688963474,0.000853047411153115,0.00350901278780026,0.151736836122407,0.00338429579059979
"Paludibaculum",0.000328560787819555,0.0036980573560327,0.0320292727215686,0.005634165536854,0.0576343050058867,0.699817783797898,0.124931396116894
"unclassified_Acidobacteria_Gp23",0.20821667825459,0.193159620004136,0.115275959868495,0.210143814835898,0.6321521369797,0.95820275966277,0.609088213624471
"unclassified_""Acidobacteria""",8.81025923058296e-07,0.000605727161020072,0.41407030439706,0.00058184199097522,0.00204153993364501,0.574593747646649,0.00192394619711766
"Gp13",0.565154805023835,0.835724697810254,0.394258917263526,0.7775576841359,0.361206947454389,0.650643106536298,0.468759932287873
"Gp7",0.699138251993217,0.346593507087334,0.346593507087334,0.346593507087334,0.941109701836645,0.641850277658112,0.606738705193534
"Gp2",0.405474526049665,0.346593507087334,NA,NA,0.346593507087334,0.346593507087334,NA
"Gp18",0.74384400110269,0.997635245740884,0.646820113532455,0.346593507087334,0.648335298618858,0.346593507087334,0.346593507087334
"Gp10",0.107132769332024,0.170711004414324,0.656828198120309,0.170711004414324,0.0809703907674762,NA,0.0809703907674762
"unclassified_Acidobacteria_Gp1",0.405474526049665,NA,0.346593507087334,NA,0.346593507087334,NA,0.346593507087334
"Gp6",0.405474526049665,NA,0.346593507087334,NA,0.346593507087334,NA,0.346593507087334
"Frondihabitans",0.497915630411786,0.346593507087334,0.346593507087334,NA,0.527945054955346,0.346593507087334,0.346593507087334
"Microbacterium",0.166097153428549,0.142030421781821,0.148130397614172,0.951702611140245,0.970444973648388,0.112459952743725,0.117764627894191
"unclassified_Microbacteriaceae",0.132696992693478,0.126803573518724,0.429587411822363,0.0637747399827994,0.266789045271683,0.747876588044676,0.112778386786897
"Leucobacter",0.405474526049666,0.346593507087334,NA,NA,0.346593507087334,0.346593507087334,NA
"Micrococcus",1.68988451154355e-13,4.24174139020698e-06,NA,1.79914501776661e-05,4.24174139020698e-06,0.0646474019662007,1.79914501776661e-05
"Arthrobacter",0.00201441164145442,0.0140523403044452,0.346593507087334,0.0679874219919269,0.00941179423476778,0.239514717268845,0.0355015469664665
"unclassified_Micrococcaceae",6.22020118418884e-12,5.81419082185616e-05,0.917218060638324,1.81201076732284e-05,5.8018241148247e-05,0.0859616124651082,1.80311752154696e-05
"unclassified_Micrococcineae",0.0137785767321145,0.00736677460169183,0.506832611043248,0.00663103414973247,0.0885574437840271,0.995495674605804,0.0855675891574967
"Cellulomonas",0.163050944570081,NA,0.346593507087334,0.169039271699682,0.346593507087334,0.169039271699682,0.302046473083621
"Rhodococcus",3.23274730210617e-14,5.2712375619758e-07,0.723214687437982,1.04316034556099e-05,1.52634780615266e-07,0.185396978720118,6.08938347871328e-06
"unclassified_Nocardiaceae",0.43528346725132,0.55675767950148,0.360855074738137,0.701666562151098,0.165044247219242,0.326162023711557,0.376243293738485
"Nocardia",0.10209638708062,0.172460665764513,0.172460665764513,0.172460665764513,NA,NA,NA
"Gordonia",0.405474526049664,NA,0.346593507087334,NA,0.346593507087334,NA,0.346593507087334
"unclassified_Corynebacterineae",0.00160705402909888,0.00732330979466386,0.239582091520021,0.00212755182869721,0.0261391470688707,0.312796910358195,0.0407820941190341
"Mycobacterium",0.0475110040711373,0.366434119306406,0.215347778701091,0.172460665764513,0.0931300931645675,0.346593507087334,0.0646425264289184
"Propionicimonas",0.115808914295055,0.227112661600697,0.536754719983601,0.332047720222143,0.0348191471253425,0.564236094468241,0.0616030190063998
"unclassified_Propionibacteriaceae",7.75279301385979e-06,0.00166932527380403,0.552969357811104,0.00107098433053985,0.00296962415520192,0.239367862013622,0.00171698819347855
"Propionibacterium",0.405474526049666,0.346593507087334,0.346593507087334,0.346593507087334,NA,NA,NA
"Tessaracoccus",0.405474526049665,NA,NA,0.346593507087334,NA,0.346593507087334,0.346593507087334
"unclassified_Actinomycetales",0.0032369044288729,0.377734598328914,0.0345147108790868,0.0361099395596627,0.0247761820888333,0.363471902310793,0.000653803996898778
"Kineococcus",0.405474526049666,0.346593507087334,NA,NA,0.346593507087334,0.346593507087334,NA
"Nakamurella",0.405474526049664,NA,NA,0.346593507087334,NA,0.346593507087334,0.346593507087334
"Geodermatophilus",0.405474526049665,NA,NA,0.346593507087334,NA,0.346593507087334,0.346593507087334
"Pseudonocardia",0.405474526049665,NA,NA,0.346593507087334,NA,0.346593507087334,0.346593507087334
"Actinomyces",0.405474526049664,NA,0.346593507087334,NA,0.346593507087334,NA,0.346593507087334
"unclassified_Actinobacteridae",0.405474526049665,NA,NA,0.346593507087334,NA,0.346593507087334,0.346593507087334
"unclassified_Coriobacteriaceae",0.148070840200598,0.314928191661998,0.117103640636725,0.863776793295416,0.107292395728638,0.166586900061345,0.0195564197760466
"unclassified_Actinobacteria",0.984359050368382,0.733913947761313,0.974746737387082,0.969130322736257,0.754268899376147,0.710074633828359,0.9440095754677
"Aquihabitans",0.559288419334851,0.346593507087334,0.758478601012375,0.346593507087334,0.346593507087334,NA,0.346593507087334
"unclassified_""Actinobacteria""",0.1186153158968,NA,NA,0.18453320936006,NA,0.18453320936006,0.18453320936006
"Aminomonas",0.573459553095402,0.383732580385272,0.691180226954991,0.191004946719964,0.532687840559879,0.832725753659253,0.313336728877426
"Lactivibrio",1.22088115320017e-08,3.38290779918238e-05,0.120688128850917,4.2657184796882e-05,0.000175355352195025,0.747716719012942,0.000110083579446169
"unclassified_Synergistaceae",0.00228604722233039,0.0172539516060793,0.538195982299518,0.0194753324138451,0.0161077708294378,0.702376278612372,0.017607709805948
"Aminivibrio",0.0497139333095526,0.159293787112347,0.598473124332248,0.150425611500641,0.0371902531363398,0.688330507860927,0.0348779824796022
"Aminiphilus",0.019849553376384,0.0743946467706797,0.798968603569289,0.0743946467706797,0.0254285323057106,NA,0.0254285323057106
"Thermovirga",0.238075721596972,0.206695050886887,0.924283140311487,0.206695050886887,0.132328240755502,NA,0.132328240755502
"Subdivision3_genera_incertae_sedis",6.94339628446405e-09,5.19855683057227e-05,0.841544992455608,0.000236283119096006,5.8637810479422e-05,0.0488466276511967,0.00025114677468205
"unclassified_Subdivision3",0.0705038125716308,0.224978538528511,0.0293655686824999,0.909660642170199,0.297753023776913,0.206153978944878,0.0298737461990807
"Opitutus",8.62857626836476e-11,3.62573681210043e-06,0.450739329987944,0.000182628767860385,2.16981891157341e-06,0.747040645194226,0.000194952821385897
"unclassified_Opitutaceae",5.35787728071088e-08,0.000172320924044301,0.30683420888827,0.000268156895940036,0.000202476059335726,0.781907227476393,0.000329026146912692
"unclassified_Opitutae",0.000237095327241122,0.00316846751458464,0.359293656635945,0.00366491420095385,0.0195846295860601,0.258844579992998,0.0232981167513296
"unclassified_Puniceicoccaceae",0.000388762619354937,0.0031972031388301,0.630857463080134,0.0032764411988818,0.0206763903696716,0.346593507087334,0.0211715866796215
"Cerasicoccus",0.0002878176192256,0.00674593700730423,0.632491236523306,0.00674593700730423,0.00909866168047505,NA,0.00909866168047505
"Subdivision5_genera_incertae_sedis",1.43393649153757e-07,0.000543715025987449,0.201596749974953,0.000335537122636053,0.000214251050239518,0.388415155279575,0.000167384974340388
"Prosthecobacter",0.0287132554279931,0.0687747001381064,0.346593507087334,0.346593507087334,0.094211947697086,0.114575355927108,0.770428252857035
"unclassified_Verrucomicrobiaceae",0.297449874100489,0.221756024086977,NA,0.346593507087334,0.221756024086977,0.453039682300904,0.346593507087334
"unclassified_""Verrucomicrobia""",0.0170688171446366,0.218868665860352,0.288409600217368,0.109380309778494,0.951091866318448,0.0308870666073172,0.0345825112935067
"Victivallis",0.169887198836191,0.0962451561207642,0.928938322662738,0.0856610951734049,0.184421154100029,0.773848443222165,0.170932276462273
"unclassified_""Lentisphaeria""",0.736156132014091,0.807136194396079,0.764494823572206,0.346593507087334,0.6215345003997,0.346593507087334,0.346593507087334
"unclassified_""Lentisphaerae""",0.0139302952361972,0.000195196144622195,0.879338284614863,0.0697473145843974,0.0281379760784243,0.0810110223865411,0.205213658935676
"Oligosphaera",0.558294654134689,0.346593507087334,NA,0.346593507087334,0.346593507087334,0.752550151360856,0.346593507087334
"Candidatus Cloacamonas",0.0749621251124841,0.145032432200363,0.610079974720175,0.144089062373791,0.0679977702076969,0.067172267354639,0.0675947970579128
"Armatimonadetes_gp2",0.101348947412532,0.521656128994114,0.767240864690477,0.0516165249875087,0.356137874760445,0.0386109326241316,0.0399339779828578
"Armatimonadetes_gp5",0.416753312012274,0.939543903466589,0.437029218882121,0.47407689199928,0.326442476449034,0.390634759668573,0.083090275839785
"unclassified_""Armatimonadetes""",0.000749483246236519,0.00317959134022655,0.0420168054362738,0.00172973117122206,0.316216768942635,0.593197190876277,0.175495274037836
"Chthonomonas/Armatimonadetes_gp3",0.0220379752512208,0.696205855871888,0.114555774202046,0.188807101898529,0.0721441076113814,0.346593507087334,0.0295645417138129
"Treponema",0.272297513629039,0.167931704618998,0.718799656638513,0.0649787816020162,0.465317088272311,0.445937068779215,0.23044003104145
"unclassified_Spirochaetaceae",0.242357236637909,0.189367096022745,0.821926309956694,0.245556677723535,0.0921904984403941,0.989853788568579,0.141774716531196
"Leptospira",0.0793946717078746,0.0694925570965295,0.346593507087334,0.0469443773413322,0.146128723724446,0.333857351404881,0.326171214503956
"Leptonema",0.289565684012119,0.546868292303243,0.45092134880031,0.417591247400247,0.192835532240685,0.398349898005278,0.150361761847778
"unclassified_Spirochaetales",0.663062898726666,0.855085036725205,0.622995693522699,0.452248351617317,0.775042749949235,0.345836345223658,0.144180209349383
"Latescibacteria_genera_incertae_sedis",0.00855541286210502,0.0101046683129454,0.251502781018651,0.0171627718568387,0.117659935948285,0.264347716482486,0.201040939993886
"BRC1_genera_incertae_sedis",4.07639834892029e-11,1.27951766218725e-06,0.558676035479709,4.26986826971629e-06,5.33916293319833e-07,0.580590144753714,1.67494027769108e-06
"Chlorobaculum",7.64097379973021e-06,0.00212606138067525,0.0781180667644081,0.00212500939280398,0.00285537311739542,0.967267224930615,0.00285340626082462
"unclassified_Chlorobiaceae",1.71666537849443e-06,0.000485108222612485,0.0634881673726418,0.000432283328532716,0.00213606740162344,0.282394172022184,0.00201781675449781
"Chlorobium",0.124557797135215,0.172460689779071,0.553035292726468,0.172460689779071,0.10932344328121,NA,0.10932344328121
"Schlesneria",0.00327500478953565,0.0452039863857354,NA,NA,0.0452039863857354,0.0452039863857354,NA
"unclassified_Planctomycetaceae",0.0568911154860389,0.0183669702632476,0.116406470509692,0.0442612627467453,0.310589313871602,0.787828170833495,0.504211429548798
"Microgenomates_genera_incertae_sedis",6.04082958632431e-10,0.000106449972381046,0.307537591052442,5.34920719173306e-06,0.000107081139606063,0.327739359530529,9.83722424126363e-06
"Candidatus Hydrogenedens",3.01826055708764e-09,0.000151332185599851,0.988493835082072,0.000194006278960988,0.000100125510971021,0.192456545421118,0.000127024320400955
"Elusimicrobium",0.202026094122597,0.102408717030563,0.109812803561722,0.0682983781022172,0.993680803295898,0.47482052665017,0.47391424172772
"Candidatus Endomicrobium",0.511992698424147,0.346593507087334,0.346593507087334,NA,0.566910655729901,0.346593507087334,0.346593507087334
"unclassified_""Fusobacteriales""",0.574638093998088,0.732814873291545,0.346593507087334,0.958692487821847,0.134404943027212,0.732310656699901,0.181593519109956
"unclassified_Bacteria",0.767389771223316,0.31103047640364,0.590597573500057,0.878751454908526,0.954725348288185,0.317978408960067,0.535559244008303
"Deinococcus",0.748483605759442,0.346593507087334,0.346593507087334,0.346593507087334,0.647043697426613,0.867251195771444,0.74487871309368
"Gemmatimonas",0.000958673410795094,0.0138228239533314,NA,0.0104318007835651,0.0138228239533314,0.513449313881002,0.0104318007835651
"Parcubacteria_genera_incertae_sedis",1.82487164524162e-05,0.00459479281871108,0.454521919003239,0.00460167175807733,0.00205478866860263,0.841041177790094,0.00205735432620706
"unclassified_Parachlamydiaceae",0.405474526049665,0.346593507087334,NA,NA,0.346593507087334,0.346593507087334,NA
"Mesotoga",0.0961977181310383,0.152528176449628,0.569668210435912,0.152528176449628,0.0895811406532386,NA,0.0895811406532386
"Acholeplasma",0.405474526049665,NA,0.346593507087334,NA,0.346593507087334,NA,0.346593507087334
"Methanoregula",0.000735203356560452,0.0053447958009827,0.157850480379866,0.00742941334547637,0.0423324217345296,0.392484716189074,0.0714630474794012
"Methanolinea",0.0136689084560783,0.025024285994006,0.213516567189446,0.0307242326395837,0.121122742009007,0.748859249176649,0.162814460908233
"unclassified_Methanoregulaceae",0.151787404606497,0.763561712563294,0.121063222363712,0.81437719840448,0.0335102694035225,0.488437134264756,0.0258869548941189
"Methanospirillum",0.000114461818269365,0.0050445159381902,0.0267436003268608,0.00483634824570278,0.15674356415681,0.887713901786379,0.149242148006843
"unclassified_Methanomicrobiales",0.0822156660704719,0.072653943245971,0.061722194601148,0.134519232810776,0.608073100281091,0.773032465713268,0.534598306445614
"Methanoculleus",0.503502946722409,0.346593507087334,0.542836124593951,0.346593507087334,0.346593507087334,NA,0.346593507087334
"Methanothrix",0.0524340390752214,0.0566282910729009,0.838829095845319,0.0556609398667092,0.0860173865299551,0.431072318947444,0.0849049680622293
"unclassified_Methanosarcinales",0.107578924660004,0.181112264481413,0.723603735279486,0.181112264481413,0.0663597779728052,NA,0.0663597779728052
"Methanomethylovorans",0.405474526049665,0.346593507087334,0.346593507087334,0.346593507087334,NA,NA,NA
"Methanosarcina",0.787843166117965,0.346593507087334,0.834880963696558,0.971005799437753,0.346593507087334,0.346593507087334,0.86188217290287
"unclassified_""Methanomicrobia""",0.00108429901394612,0.00204875517615261,0.774499514222336,0.00130408708936962,0.0313910077988948,0.0590534192206617,0.0231364571968615
"Methanomassiliicoccus",0.000536022775312579,0.00933265735303072,0.0434724356270925,0.0109027268015911,0.161956256786036,0.494189583807367,0.214883256783932
"unclassified_Thermoplasmata",0.556389772155399,0.346593507087334,0.741610826429485,0.346593507087334,0.346593507087334,NA,0.346593507087334
"Methanobacterium",1.10111761845655e-09,7.41414882233131e-06,0.982193353766356,4.38623037004485e-06,6.36560092425347e-05,0.365769904525159,3.99631932391313e-05
"Methanobrevibacter",0.239993555361494,0.034979709025174,0.315193721136657,0.233287419553015,0.334848596968647,0.43062496736161,0.863811475567695
"unclassified_Methanobacteriaceae",0.00701780863002829,0.0266741082427977,0.364946872503398,0.00794469520410472,0.13676037905005,0.292387094851413,0.0322348069636937
"unclassified_Methanobacteriales",0.405474526049665,NA,0.346593507087334,NA,0.346593507087334,NA,0.346593507087334
"unclassified_""Euryarchaeota""",3.08870376706486e-06,0.00157416075286306,0.070785108653653,0.00184973145805192,0.00242152473648526,0.217282171345174,0.00329143819920744
"unclassified_Archaea",0.291720077128991,0.614270863624639,0.374380448174624,0.477836706510008,0.223648081858609,0.6498732662819,0.187641585656775
"Pacearchaeota Incertae Sedis AR13",0.359131395558166,0.346593507087334,NA,0.180703197483311,0.346593507087334,0.719074064964502,0.180703197483311
"unclassified_Thermoprotei",0.405474526049665,0.346593507087334,0.346593507087334,0.346593507087334,NA,NA,NA
"unclassified_Root",5.52956001644034e-09,9.21661207221514e-07,0.437662394342938,3.80454992713528e-05,6.55141041433382e-05,0.121509359617676,2.29523072499373e-05
